{"loss":4.337406635284424,"moves":166482,"_timestamp":1.7791069039798963e+09,"_wandb":{"runtime":110544},"_runtime":110544,"_step":1999,"score":61}