{"_timestamp":1.7783277777117448e+09,"_step":1999,"score":8,"_wandb":{"runtime":51865},"_runtime":51865,"loss":1.7157959938049316,"moves":91305}